{
  "2607 beaver ave moines, ia 50310": {
    "lat": 41.6183295,
    "lng": -93.6728106,
    "formatted": "Basic Bird, 2607, Beaver Avenue, Beaverdale, Des Moines, Polk County, Iowa, 50310, United States of America",
    "provider": "nominatim"
  },
  "205 university ave des moines, ia 50314": {
    "lat": 41.6001777,
    "lng": -93.6212573,
    "formatted": "205, University Avenue, Cheatom Park, Des Moines, Polk County, Iowa, 50314, United States of America",
    "provider": "nominatim"
  },
  "316 court ave des moines, ia 50309": {
    "lat": 41.5848876,
    "lng": -93.6213489,
    "formatted": "Blue Sushi Sake Grill, 316, Court Avenue, Historic Court District, Des Moines, Polk County, Iowa, 50309, United States of America",
    "provider": "nominatim"
  },
  "630 sw 9th st des moines, ia 50309": {
    "lat": 41.5758344,
    "lng": -93.6246667,
    "formatted": "630, Southwest 9th Street, Des Moines, Polk County, Iowa, 50309, United States of America",
    "provider": "nominatim"
  },
  "4827 madison ave des moines, ia 50310": {
    "lat": 41.6338652,
    "lng": -93.683068,
    "formatted": "Meredith Middle School, 4827, Madison Avenue, Meredith, Des Moines, Polk County, Iowa, 50310, United States of America",
    "provider": "nominatim"
  },
  "2540 euclid des moines, ia 50317": {
    "lat": 41.6287156,
    "lng": -93.5698141,
    "formatted": "Hy-Vee, 2540, East Euclid Avenue, Douglas Acres, Des Moines, Polk County, Iowa, 50317, United States of America",
    "provider": "nominatim"
  },
  "5717 hickman rd des moines, ia 50310": {
    "lat": 41.6151979,
    "lng": -93.6968783,
    "formatted": "Shang Yuen, 5717, Hickman Road, Merle Hay, Des Moines, Polk County, Iowa, 50310, United States of America",
    "provider": "nominatim"
  },
  "2250 hubbell ave des moines, ia 50317": {
    "lat": 41.602886,
    "lng": -93.575374,
    "formatted": "2250, Hubbell Avenue, Des Moines, Polk County, Iowa, 50317, United States of America",
    "provider": "nominatim"
  },
  "4119 university ave des moines, ia 50311": {
    "lat": 41.6005075,
    "lng": -93.6737229,
    "formatted": "Godfather's Pizza, 4119, University Avenue, Uptown Shopping Center, Des Moines, Polk County, Iowa, 50311, United States of America",
    "provider": "nominatim"
  },
  "4800 aurora ave des moines, ia 50310": {
    "lat": 41.6352808,
    "lng": -93.6833102,
    "formatted": "Hoover High School, 4800, Aurora Avenue, The Village at Westchester, Des Moines, Polk County, Iowa, 50310, United States of America",
    "provider": "nominatim"
  },
  "100 s payton des moines, ia 50315": {
    "lat": 41.5301396,
    "lng": -93.630511,
    "formatted": "Payton Avenue, Fort Des Moines, Des Moines, Polk County, Iowa, 50315, United States of America",
    "provider": "nominatim"
  },
  "614 university ave des moines, ia 50314": {
    "lat": 41.6002469,
    "lng": -93.6263465,
    "formatted": "QuikTrip, 614, University Avenue, Cheatom Park, Des Moines, Polk County, Iowa, 50325, United States of America",
    "provider": "nominatim"
  },
  "2008 forest ave des moines, ia 50311": {
    "lat": 41.6038462,
    "lng": -93.6443316,
    "formatted": "2008, Forest Avenue, Carpenter, Des Moines, Polk County, Iowa, 50311, United States of America",
    "provider": "nominatim"
  },
  "2701 ingersoll ave des moines, ia 50312": {
    "lat": 41.5859256,
    "lng": -93.6530519,
    "formatted": "Star Lofts, 2701, Ingersoll Avenue, Arbor Peaks, Des Moines, Polk County, Iowa, 50312, United States of America",
    "provider": "nominatim"
  },
  "2301 ingersoll des moines, ia 50312": {
    "lat": 41.5863162,
    "lng": -93.6494029,
    "formatted": "Soll Apartments, 2301, Ingersoll Avenue, Woodland Heights, Des Moines, Polk County, Iowa, 50312, United States of America",
    "provider": "nominatim"
  },
  "2721 ingersoll ave des moines, ia 50312": {
    "lat": 41.5859261,
    "lng": -93.6538959,
    "formatted": "Lucky Lotus, 2721, Ingersoll Avenue, Arbor Peaks, Des Moines, Polk County, Iowa, 50312, United States of America",
    "provider": "nominatim"
  },
  "710 28th st des moines, ia 50312": {
    "lat": 41.5903469,
    "lng": -93.656205,
    "formatted": "Ruby Van Meter School, 710, 28th Street, Arbor Peaks, Des Moines, Polk County, Iowa, 50312, United States of America",
    "provider": "nominatim"
  },
  "6222 grand avenue des moines, ia 50312": {
    "lat": 41.5822508,
    "lng": -93.7019768,
    "formatted": "Either/Or, 6222, Grand Avenue, Waterbury, Des Moines, Polk County, Iowa, 50312, United States of America",
    "provider": "nominatim"
  },
  "4419 center st des moines, ia 50312": {
    "lat": 41.5927749,
    "lng": -93.6783431,
    "formatted": "4419, Center Street, Ingersoll Park, Des Moines, Polk County, Iowa, 50312, United States of America",
    "provider": "nominatim"
  },
  "225 56th st des moines, ia 50312": {
    "lat": 41.5797567,
    "lng": -93.6932012,
    "formatted": "Hanawalt Elementary School, 225, 56th Street, Waterbury, Des Moines, Polk County, Iowa, 50312, United States of America",
    "provider": "nominatim"
  },
  "800 24th street des moines, ia 50312": {
    "lat": 41.591797,
    "lng": -93.64978,
    "formatted": "800, 24th Street, Woodland Heights, Des Moines, Polk County, Iowa, 50312, United States of America",
    "provider": "nominatim"
  },
  "3010 center st des moines, ia 50312": {
    "lat": 41.5910503,
    "lng": -93.658169,
    "formatted": "Callahan Junior High School, 3010, Center Street, Woodland Heights, Des Moines, Polk County, Iowa, 50312, United States of America",
    "provider": "nominatim"
  },
  "800 42nd st des moines, ia 50312": {
    "lat": 41.5924452,
    "lng": -93.6748278,
    "formatted": "800, 42nd Street, Ingersoll Park, Des Moines, Polk County, Iowa, 50312, United States of America",
    "provider": "nominatim"
  },
  "4320 grand des moines, ia 50312": {
    "lat": 41.5829379,
    "lng": -93.6767956,
    "formatted": "Saint Augustin School, 4320, Grand Avenue, Grand Stratford Apartments, Des Moines, Polk County, Iowa, 50312, United States of America",
    "provider": "nominatim"
  },
  "316 37th des moines, ia 50312": {
    "lat": 41.5825811,
    "lng": -93.6674097,
    "formatted": "316, 37th Street, Greenwood, Des Moines, Polk County, Iowa, 50312, United States of America",
    "provider": "nominatim"
  },
  "5301 grand ave des moines, ia 50312": {
    "lat": 41.5836298,
    "lng": -93.6897817,
    "formatted": "Merrill Junior High School, 5301, Grand Avenue, Grand Stratford Apartments, Des Moines, Polk County, Iowa, 50312, United States of America",
    "provider": "nominatim"
  },
  "2002 woodland ave des moines, ia 50312": {
    "lat": 41.5874865,
    "lng": -93.644063,
    "formatted": "Gateway Market, 2002, Woodland Avenue, Sherman Hill, Des Moines, Polk County, Iowa, 50312, United States of America",
    "provider": "nominatim"
  },
  "2611 ingersoll ave des moines, ia 50312": {
    "lat": 41.585937,
    "lng": -93.652353,
    "formatted": "DZO Korean BBQ, 2611, Ingersoll Avenue, Arbor Peaks, Des Moines, Polk County, Iowa, 50312, United States of America",
    "provider": "nominatim"
  },
  "611 37th st des moines, ia 50312": {
    "lat": 41.5868242,
    "lng": -93.6664834,
    "formatted": "El Patio, 611, 37th Street, North of Grand, Des Moines, Polk County, Iowa, 50312, United States of America",
    "provider": "nominatim"
  },
  "2605 ingersoll ave des moines, ia 50312": {
    "lat": 41.5859376,
    "lng": -93.6522551,
    "formatted": "Sakari Sushi Lounge, 2605, Ingersoll Avenue, Arbor Peaks, Des Moines, Polk County, Iowa, 50312, United States of America",
    "provider": "nominatim"
  },
  "2932 ingersoll ave des moines, ia 50312": {
    "lat": 41.5856875,
    "lng": -93.6580241,
    "formatted": "Eatery A, 2932, Ingersoll Avenue, Arbor Peaks, Des Moines, Polk County, Iowa, 50312, United States of America",
    "provider": "nominatim"
  },
  "900 56th street des moines, ia 50312": {
    "lat": 41.5937519,
    "lng": -93.6946006,
    "formatted": "Hospice of Central Iowa, 900, 56th Street, Waveland Woods, Des Moines, Polk County, Iowa, 50312, United States of America",
    "provider": "nominatim"
  },
  "3901 ingersoll ave des moines, ia 50312": {
    "lat": 41.5866919,
    "lng": -93.6700329,
    "formatted": "Iowa Head and Neck, PC, 3901, Ingersoll Avenue, North of Grand, Des Moines, Polk County, Iowa, 50312, United States of America",
    "provider": "nominatim"
  },
  "2843 ingersoll ave des moines, ia 50312": {
    "lat": 41.5862041,
    "lng": -93.6561182,
    "formatted": "Palmer's Deli, 2843, Ingersoll Avenue, Arbor Peaks, Des Moines, Polk County, Iowa, 50312, United States of America",
    "provider": "nominatim"
  },
  "2708 ingersoll ave des moines, ia 50312": {
    "lat": 41.5854724,
    "lng": -93.6534471,
    "formatted": "2708, Ingersoll Avenue, Arbor Peaks, Des Moines, Polk County, Iowa, 50312, United States of America",
    "provider": "nominatim"
  },
  "2811 ingersoll ave des moines, ia 50312": {
    "lat": 41.5859975,
    "lng": -93.6550389,
    "formatted": "Star Bar, 2811, Ingersoll Avenue, Arbor Peaks, Des Moines, Polk County, Iowa, 50312, United States of America",
    "provider": "nominatim"
  },
  "2410 hickman rd des moines, ia 50312": {
    "lat": 41.6147432,
    "lng": -93.6508103,
    "formatted": "Family Dollar, 2410, Hickman Road, Kirkwood Glen, Des Moines, Polk County, Iowa, 50310, United States of America",
    "provider": "nominatim"
  },
  "2400 ingersoll des moines, ia 50312": {
    "lat": 41.585489,
    "lng": -93.6498258,
    "formatted": "Noah's Ark, 2400, Ingersoll Avenue, Arbor Peaks, Des Moines, Polk County, Iowa, 50312, United States of America",
    "provider": "nominatim"
  },
  "101 sw 45th st des moines, ia 50312": {
    "lat": 41.5789098,
    "lng": -93.6813532,
    "formatted": "45th Street, Westwood, Des Moines, Polk County, Iowa, 50312, United States of America",
    "provider": "nominatim"
  },
  "3721 grand ave des moines, ia 50312": {
    "lat": 41.584567,
    "lng": -93.6672336,
    "formatted": "3721, Grand Avenue, Grand Stratford Apartments, Des Moines, Polk County, Iowa, 50312, United States of America",
    "provider": "nominatim"
  },
  "111 sw 63rd st des moines, ia 50312": {
    "lat": 41.5733442,
    "lng": -93.7032344,
    "formatted": "Southwest 63rd Street;1st Street, National Park, Des Moines, Polk County, Iowa, 50324, United States of America",
    "provider": "nominatim"
  },
  "2716 ingersoll ave des moines, ia 50312": {
    "lat": 41.5854755,
    "lng": -93.6539969,
    "formatted": "Lachele's Fine Foods, 2716, Ingersoll Avenue, Arbor Peaks, Des Moines, Polk County, Iowa, 50312, United States of America",
    "provider": "nominatim"
  },
  "2920 ingersoll des moines, ia 50312": {
    "lat": 41.5856455,
    "lng": -93.6575698,
    "formatted": "Wellman's Pub, 2920, Ingersoll Avenue, Arbor Peaks, Des Moines, Polk County, Iowa, 50312, United States of America",
    "provider": "nominatim"
  },
  "2601 linden st des moines, ia 50312": {
    "lat": 41.586338,
    "lng": -93.652781,
    "formatted": "2601, Linden Street, Woodland Heights, Des Moines, Polk County, Iowa, 50312, United States of America",
    "provider": "nominatim"
  },
  "3520 grand ave des moines, ia 50312": {
    "lat": 41.5831724,
    "lng": -93.6645257,
    "formatted": "3520, Grand Avenue, Grand Stratford Apartments, Des Moines, Polk County, Iowa, 50312, United States of America",
    "provider": "nominatim"
  },
  "3124 ingersoll des moines, ia 50312": {
    "lat": 41.5858755,
    "lng": -93.6605089,
    "formatted": "The Station on Ingersoll, 3124, Ingersoll Avenue, Arbor Peaks, Des Moines, Polk County, Iowa, 50312, United States of America",
    "provider": "nominatim"
  },
  "6101 grand ave des moines, ia 50312": {
    "lat": 41.5829959,
    "lng": -93.7003437,
    "formatted": "Viva Mexican Restaurant, 6101, Grand Avenue, Waterbury, Des Moines, Polk County, Iowa, 50312, United States of America",
    "provider": "nominatim"
  },
  "2205 ingersoll ave des moines, ia 50312": {
    "lat": 41.5858046,
    "lng": -93.6467473,
    "formatted": "2205, Ingersoll Avenue, Woodland Heights, Des Moines, Polk County, Iowa, 50312, United States of America",
    "provider": "nominatim"
  },
  "2105 ingersoll ave des moines, ia 50312": {
    "lat": 41.5859688,
    "lng": -93.6464861,
    "formatted": "Qdoba, 2105, Ingersoll Avenue, Woodland Heights, Des Moines, Polk County, Iowa, 50312, United States of America",
    "provider": "nominatim"
  },
  "2724 ingersoll des moines, ia 50312": {
    "lat": 41.5854831,
    "lng": -93.6543328,
    "formatted": "Harbinger, 2724, Ingersoll Avenue, Arbor Peaks, Des Moines, Polk County, Iowa, 50312, United States of America",
    "provider": "nominatim"
  },
  "2301 ingersoll ave des moines, ia 50312": {
    "lat": 41.5859822,
    "lng": -93.6487485,
    "formatted": "Blue Shark Ale House, 2301, Ingersoll Avenue, Woodland Heights, Des Moines, Polk County, Iowa, 50312, United States of America",
    "provider": "nominatim"
  },
  "6125 grand ave des moines, ia 50312": {
    "lat": 41.5832094,
    "lng": -93.700897,
    "formatted": "McDonald's, 6125, Grand Avenue, Waterbury, Des Moines, Polk County, Iowa, 50312, United States of America",
    "provider": "nominatim"
  },
  "4100 se 14th st des moines, ia 50315": {
    "lat": 41.5477494,
    "lng": -93.5966166,
    "formatted": "4100, Southeast 14th Street, Southeast Plaza, Des Moines, Polk County, Iowa, 50320, United States of America",
    "provider": "nominatim"
  },
  "4000 lower beaver rd des moines, ia 50310": {
    "lat": 41.633286,
    "lng": -93.664493,
    "formatted": "4000, Lower Beaver Road, Lower Beaver, Des Moines, Polk County, Iowa, 50310, United States of America",
    "provider": "nominatim"
  },
  "4007 se 13th st des moines, ia 50315": {
    "lat": 41.5479262,
    "lng": -93.5979256,
    "formatted": "4007, Southeast 13th Street, Homestead Acres, Des Moines, Polk County, Iowa, 50315, United States of America",
    "provider": "nominatim"
  },
  "2629 beaver ave des moines, ia 50310": {
    "lat": 41.6188643,
    "lng": -93.6725554,
    "formatted": "Beaverdale Center, 2629, Beaver Avenue, Beaverdale, Des Moines, Polk County, Iowa, 50310, United States of America",
    "provider": "nominatim"
  },
  "3015 francis des moines, ia 50310": {
    "lat": 41.6135165,
    "lng": -93.6588039,
    "formatted": "3015, Francis Avenue, Des Moines, Polk County, Iowa, 50310, United States of America",
    "provider": "nominatim"
  },
  "3716 50th st des moines, ia 50310": {
    "lat": 41.6286783,
    "lng": -93.6878523,
    "formatted": "3716, 50th Street, Westchester Manor, Des Moines, Polk County, Iowa, 50310, United States of America",
    "provider": "nominatim"
  },
  "1307 harrison ave des moines, ia 50314": {
    "lat": 41.6052388,
    "lng": -93.6346523,
    "formatted": "1307, Harrison Avenue, King Irving, Des Moines, Polk County, Iowa, 50314, United States of America",
    "provider": "nominatim"
  },
  "1107 e university des moines, ia 50316": {
    "lat": 41.6002953,
    "lng": -93.6053991,
    "formatted": "1107, East University Avenue, Capitol Park, Des Moines, Polk County, Iowa, 50316, United States of America",
    "provider": "nominatim"
  },
  "5110 franklin ave des moines, ia 50310": {
    "lat": 41.6111721,
    "lng": -93.6896874,
    "formatted": "5110, Franklin Avenue, Franklin Court Apartments, Des Moines, Polk County, Iowa, 50310, United States of America",
    "provider": "nominatim"
  },
  "1650 garfield ave des moines, ia 50316": {
    "lat": 41.6029905,
    "lng": -93.5921357,
    "formatted": "1650, Garfield Avenue, Ashbrook, Des Moines, Polk County, Iowa, 50316, United States of America",
    "provider": "nominatim"
  },
  "1231 e 26th st des moines, ia 50317": {
    "lat": 41.6022393,
    "lng": -93.5679002,
    "formatted": "1231, East 26th Street, Fairground, Des Moines, Polk County, Iowa, 50317, United States of America",
    "provider": "nominatim"
  },
  "1212 bundy st des moines, ia 50315": {
    "lat": 41.5237027,
    "lng": -93.6307169,
    "formatted": "1212, Bundy Street, David MC Kee Place, Des Moines, Polk County, Iowa, 50315, United States of America",
    "provider": "nominatim"
  },
  "6584 ne 14th st des moines, ia 50313": {
    "lat": 41.6404248,
    "lng": -93.6004625,
    "formatted": "Northeast 14th Street, Marquisville, Des Moines, Polk County, Iowa, 50313, United States of America",
    "provider": "nominatim"
  },
  "2824 easton blvd des moines, ia 50317": {
    "lat": 41.6101462,
    "lng": -93.562173,
    "formatted": "2824, Easton Boulevard, Accent, Des Moines, Polk County, Iowa, 50317, United States of America",
    "provider": "nominatim"
  },
  "5810 ne 14th st des moines, ia 50313": {
    "lat": 41.6404248,
    "lng": -93.6004625,
    "formatted": "Northeast 14th Street, Marquisville, Des Moines, Polk County, Iowa, 50313, United States of America",
    "provider": "nominatim"
  },
  "918 e euclid ave des moines, ia 50316": {
    "lat": 41.6276281,
    "lng": -93.6069579,
    "formatted": "918, East Euclid Avenue, Highland Park, Des Moines, Polk County, Iowa, 50316, United States of America",
    "provider": "nominatim"
  },
  "210 walnut st des moines, ia 50309": {
    "lat": 41.5863721,
    "lng": -93.6201678,
    "formatted": "Neal Smith Federal Building, 210, Walnut Street, Court District, Des Moines, Polk County, Iowa, 50309, United States of America",
    "provider": "nominatim"
  },
  "1229 e 21st st des moines, ia 50317": {
    "lat": 41.6014551,
    "lng": -93.5805215,
    "formatted": "1229, East 21st Street, Des Moines, Polk County, Iowa, 50317, United States of America",
    "provider": "nominatim"
  },
  "1930 se 6th st des moines, ia 50315": {
    "lat": 41.570331,
    "lng": -93.605397,
    "formatted": "1930, Southeast 6th Street, McKinley School/Columbus Park, Des Moines, Polk County, Iowa, 50315, United States of America",
    "provider": "nominatim"
  },
  "6151 thornton avenue des moines, ia 50321": {
    "lat": 41.5522141,
    "lng": -93.7008058,
    "formatted": "6151, Thornton Avenue, Airport Commerce Park West, Des Moines, Polk County, Iowa, 50321, United States of America",
    "provider": "nominatim"
  },
  "1501 e euclid ave des moines, ia 50316": {
    "lat": 41.627641,
    "lng": -93.5975656,
    "formatted": "1501, East Euclid Avenue, Highland Park, Des Moines, Polk County, Iowa, 50316, United States of America",
    "provider": "nominatim"
  },
  "3500 merle hay road des moines, ia 50310": {
    "lat": 41.6259714,
    "lng": -93.69827,
    "formatted": "3500, Merle Hay Road, Boston Commons, Des Moines, Polk County, Iowa, 50310, United States of America",
    "provider": "nominatim"
  },
  "1139 24th st des moines, ia 50311": {
    "lat": 41.5992442,
    "lng": -93.6492804,
    "formatted": "1139, 24th Street, Drake Park, Des Moines, Polk County, Iowa, 50311, United States of America",
    "provider": "nominatim"
  },
  "3800 merle hay rd des moines, ia 50310": {
    "lat": 41.6306643,
    "lng": -93.7010156,
    "formatted": "Angelica's Design, 3800, Merle Hay Road, Des Moines, Polk County, Iowa, 50310, United States of America",
    "provider": "nominatim"
  },
  "4502 se 14th st des moines, ia 50315": {
    "lat": 41.5434222,
    "lng": -93.596944,
    "formatted": "4502, Southeast 14th Street, Southdale Shopping Center, Des Moines, Polk County, Iowa, 50320, United States of America",
    "provider": "nominatim"
  },
  "1300 scott ave des moines, ia 50309": {
    "lat": 41.583601,
    "lng": -93.597259,
    "formatted": "1300, Scott Avenue, Capitol View South, Des Moines, Polk County, Iowa, 50309, United States of America",
    "provider": "nominatim"
  },
  "2922 beaver ave des moines, ia 50310": {
    "lat": 41.6221094,
    "lng": -93.6751123,
    "formatted": "Holy Trinity School, 2922, Beaver Avenue, Beaverdale, Des Moines, Polk County, Iowa, 50310, United States of America",
    "provider": "nominatim"
  },
  "1007 e grand ave des moines, ia 50319": {
    "lat": 41.591205,
    "lng": -93.6038186,
    "formatted": "Iowa State Capitol, 1007, East Grand Avenue, Des Moines, Polk County, Iowa, 50319, United States of America",
    "provider": "nominatim"
  },
  "360 ne 45th pl des moines, ia 50317": {
    "lat": 41.6124115,
    "lng": -93.5242682,
    "formatted": "Northeast 45th Court, Harvey Place, Des Moines, Polk County, Iowa, 50317, United States of America",
    "provider": "nominatim"
  },
  "1935 euclid ave des moines, ia 50313": {
    "lat": 41.627742,
    "lng": -93.6426611,
    "formatted": "1935, Euclid Avenue, Des Moines, Polk County, Iowa, 50313, United States of America",
    "provider": "nominatim"
  },
  "901 e university des moines, ia 50316": {
    "lat": 41.600296,
    "lng": -93.606389,
    "formatted": "901, East University Avenue, Capitol Park, Des Moines, Polk County, Iowa, 50316, United States of America",
    "provider": "nominatim"
  },
  "5625 franklin ave des moines, ia 50310": {
    "lat": 41.611778,
    "lng": -93.6957791,
    "formatted": "Mount Olive Lutheran Church, 5625, Franklin Avenue, Des Moines, Polk County, Iowa, 50310, United States of America",
    "provider": "nominatim"
  },
  "4800 merle hay rd des moines, ia 50310": {
    "lat": 41.633494,
    "lng": -93.6978511,
    "formatted": "Merle Hay Road, Des Moines, Polk County, Iowa, 50310, United States of America",
    "provider": "nominatim"
  },
  "3311 se 14th st des moines, ia 50320": {
    "lat": 41.5538221,
    "lng": -93.5963264,
    "formatted": "Buffalo Wild Wings, 3311, Southeast 14th Street, Southgate Shopping Center, Des Moines, Polk County, Iowa, 50320, United States of America",
    "provider": "nominatim"
  },
  "2128 indianola ave des moines, ia 50315": {
    "lat": 41.567856,
    "lng": -93.612344,
    "formatted": "2128, Indianola Avenue, Indianola Hills, Des Moines, Polk County, Iowa, 50315, United States of America",
    "provider": "nominatim"
  },
  "4610 douglas ave des moines, ia 50310": {
    "lat": 41.6289021,
    "lng": -93.6820564,
    "formatted": "Beaverdale Estates, 4610, Douglas Avenue, Village Green Apartments, Des Moines, Polk County, Iowa, 50310, United States of America",
    "provider": "nominatim"
  },
  "201 indianola ave des moines, ia 50315": {
    "lat": 41.5730345,
    "lng": -93.6206436,
    "formatted": "201, Indianola Avenue, McKinley School/Columbus Park, Des Moines, Polk County, Iowa, 50315, United States of America",
    "provider": "nominatim"
  },
  "4211 sw 9th st des moines, ia 50315": {
    "lat": 41.5461427,
    "lng": -93.6256401,
    "formatted": "4211, Southwest 9th Street, Watrous Heights, Des Moines, Polk County, Iowa, 50315, United States of America",
    "provider": "nominatim"
  },
  "1411 e 33rd st des moines, ia 50317": {
    "lat": 41.6055751,
    "lng": -93.549034,
    "formatted": "Stowe Elementary School, 1411, East 33rd Street, Des Moines, Polk County, Iowa, 50317, United States of America",
    "provider": "nominatim"
  },
  "5101 se 14th st. des moines, ia 50320": {
    "lat": 41.536957,
    "lng": -93.5931251,
    "formatted": "Walmart Supercenter, 5101, Southeast 14th Street, Southeast Plaza, Des Moines, Polk County, Iowa, 50320, United States of America",
    "provider": "nominatim"
  },
  "4051 dean ave des moines, ia 50317": {
    "lat": 41.5883174,
    "lng": -93.5324599,
    "formatted": "Sleepy Hollow Sports Park, 4051, Dean Avenue, Laurel Hill, Des Moines, Polk County, Iowa, 50317, United States of America",
    "provider": "nominatim"
  },
  "1409 23rd st des moines, ia 50311": {
    "lat": 41.6044976,
    "lng": -93.6476658,
    "formatted": "1409, 23rd Street, Kirkwood Glen, Des Moines, Polk County, Iowa, 50310, United States of America",
    "provider": "nominatim"
  },
  "1139 24th street des moines, ia 50311": {
    "lat": 41.5992442,
    "lng": -93.6492804,
    "formatted": "1139, 24th Street, Drake Park, Des Moines, Polk County, Iowa, 50311, United States of America",
    "provider": "nominatim"
  },
  "1603 9th st des moines, ia 50314": {
    "lat": 41.6078335,
    "lng": -93.6292972,
    "formatted": "1603, 9th Street, Prospect Park, Des Moines, Polk County, Iowa, 50314, United States of America",
    "provider": "nominatim"
  },
  "5815 se 27th st des moines, ia 50320": {
    "lat": 41.5321368,
    "lng": -93.5657335,
    "formatted": "5815, Southeast 27th Street, Easter Lake Area, Des Moines, Polk County, Iowa, 50320, United States of America",
    "provider": "nominatim"
  },
  "2601 hubbell ave des moines, ia 50317": {
    "lat": 41.6118565,
    "lng": -93.5664118,
    "formatted": "Teachout Aquatic Center, 2601, Hubbell Avenue, Fairmont Park, Des Moines, Polk County, Iowa, 50317, United States of America",
    "provider": "nominatim"
  },
  "505 e grand ave des moines, ia 50309": {
    "lat": 41.5903729,
    "lng": -93.6112234,
    "formatted": "Daisy Chain Coffee, 505, East Grand Avenue, East Village, Des Moines, Polk County, Iowa, 50309, United States of America",
    "provider": "nominatim"
  },
  "3000 sw 9th st des moines, ia 50315": {
    "lat": 41.557999,
    "lng": -93.625816,
    "formatted": "3000, Southwest 9th Street, Watrous Heights, Des Moines, Polk County, Iowa, 50315, United States of America",
    "provider": "nominatim"
  },
  "6304 sw 9th st des moines, ia 50315": {
    "lat": 41.5272297,
    "lng": -93.6266203,
    "formatted": "Mega Saver, 6304, Southwest 9th Street, Fort Des Moines, Des Moines, Polk County, Iowa, 50315, United States of America",
    "provider": "nominatim"
  },
  "1907 army post rd des moines, ia 50315": {
    "lat": 41.5266357,
    "lng": -93.6411536,
    "formatted": "1907, Army Post Road, Des Moines, Polk County, Iowa, 50315, United States of America",
    "provider": "nominatim"
  },
  "4944 douglas ave des moines, ia 50310": {
    "lat": 41.6291741,
    "lng": -93.6874268,
    "formatted": "Java Joe's, 4944, Douglas Avenue, Village Green Apartments, Des Moines, Polk County, Iowa, 50310, United States of America",
    "provider": "nominatim"
  },
  "1106 army post rd des moines, ia 50315": {
    "lat": 41.5265715,
    "lng": -93.6286219,
    "formatted": "1106, Army Post Road, Des Moines, Polk County, Iowa, 50315, United States of America",
    "provider": "nominatim"
  },
  "2812 se 17th st des moines, ia 50320": {
    "lat": 41.5599071,
    "lng": -93.590334,
    "formatted": "2812, Southeast 17th Street, Creston Woods, Des Moines, Polk County, Iowa, 50320, United States of America",
    "provider": "nominatim"
  },
  "3929 bel aire rd des moines, ia 50310": {
    "lat": 41.6409025,
    "lng": -93.6713453,
    "formatted": "Samuelson Elementary School, 3929, Bel Aire Road, Debra Heights, Des Moines, Polk County, Iowa, 50310, United States of America",
    "provider": "nominatim"
  },
  "3920 e 14th st des moines, ia 50313": {
    "lat": 41.6316,
    "lng": -93.6006442,
    "formatted": "3920, East 14th Street, Highland Park, Des Moines, Polk County, Iowa, 50313, United States of America",
    "provider": "nominatim"
  },
  "700 locust st des moines, ia 50309": {
    "lat": 41.5861762,
    "lng": -93.6267089,
    "formatted": "Greater Des Moines Partnership Building, 700, Locust Street, Downtown, Des Moines, Polk County, Iowa, 50309, United States of America",
    "provider": "nominatim"
  },
  "520 sw 9th st des moines, ia 50309": {
    "lat": 41.5771719,
    "lng": -93.6259701,
    "formatted": "520, Southwest 9th Street, Court District, Des Moines, Polk County, Iowa, 50309, United States of America",
    "provider": "nominatim"
  },
  "3700 sw 36th st des moines, ia 50321": {
    "lat": 41.5504823,
    "lng": -93.6672235,
    "formatted": "3700, Southwest 36th Street, Southpark Plaza, Des Moines, Polk County, Iowa, 50321, United States of America",
    "provider": "nominatim"
  },
  "3300 sw 9th st des moines, ia 50315": {
    "lat": 41.5544765,
    "lng": -93.6265776,
    "formatted": "Bail Bond Pros Inc, 3300, Southwest 9th Street, Watrous Heights, Des Moines, Polk County, Iowa, 50315, United States of America",
    "provider": "nominatim"
  },
  "1111 25th des moines, ia 50311": {
    "lat": 41.5989363,
    "lng": -93.6504685,
    "formatted": "Drake Diner, 1111, 25th Street, Drake Park, Des Moines, Polk County, Iowa, 50311, United States of America",
    "provider": "nominatim"
  },
  "4022 50th st des moines, ia 50310": {
    "lat": 41.633596,
    "lng": -93.6878796,
    "formatted": "4022, 50th Street, Westchester Manor, Des Moines, Polk County, Iowa, 50310, United States of America",
    "provider": "nominatim"
  },
  "808 county line rd des moines, ia 50315": {
    "lat": 41.5120146,
    "lng": -93.6208117,
    "formatted": "County Line Road, Des Moines, Polk County, Iowa, 50315, United States of America",
    "provider": "nominatim"
  },
  "3221 se 14th st des moines, ia 50315": {
    "lat": 41.5550261,
    "lng": -93.5970355,
    "formatted": "3221, Southeast 14th Street, Pioneer Park, Des Moines, Polk County, Iowa, 50320, United States of America",
    "provider": "nominatim"
  },
  "2200 hubbell des moines, ia 50317": {
    "lat": 41.601263,
    "lng": -93.57753,
    "formatted": "2200, Hubbell Avenue, Des Moines, Polk County, Iowa, 50317, United States of America",
    "provider": "nominatim"
  },
  "4120 university ave des moines, ia 50311": {
    "lat": 41.6002558,
    "lng": -93.6732965,
    "formatted": "4120, University Avenue, Uptown Shopping Center, Des Moines, Polk County, Iowa, 50311, United States of America",
    "provider": "nominatim"
  },
  "2301 sw 9th des moines, ia 50315": {
    "lat": 41.5656745,
    "lng": -93.6233129,
    "formatted": "Angry Goldfish Pub & Eatery, 2301, Southwest 9th Street, Des Moines, Polk County, Iowa, 50315, United States of America",
    "provider": "nominatim"
  },
  "4210 hickman rd des moines, ia 50310": {
    "lat": 41.6143464,
    "lng": -93.6753962,
    "formatted": "Calvin Community, 4210, Hickman Road, Beaverdale, Des Moines, Polk County, Iowa, 50310, United States of America",
    "provider": "nominatim"
  },
  "2414 university ave des moines, ia 50311": {
    "lat": 41.6003157,
    "lng": -93.6500026,
    "formatted": "2414, University Avenue, Carpenter, Des Moines, Polk County, Iowa, 50311, United States of America",
    "provider": "nominatim"
  },
  "229 franklin ave des moines, ia 50314": {
    "lat": 41.611542,
    "lng": -93.6209486,
    "formatted": "229, Franklin Avenue, River Bend, Des Moines, Polk County, Iowa, 50314, United States of America",
    "provider": "nominatim"
  },
  "1518 e grand ave des moines, ia 50316": {
    "lat": 41.5945381,
    "lng": -93.5945483,
    "formatted": "Los Laureles Mexican Restaurant, 1518, East Grand Avenue, Capitol East, Des Moines, Polk County, Iowa, 50316, United States of America",
    "provider": "nominatim"
  },
  "116 e thornton des moines, ia 50315": {
    "lat": 41.5511379,
    "lng": -93.614423,
    "formatted": "116, East Thornton Avenue, Morningside, Des Moines, Polk County, Iowa, 50315, United States of America",
    "provider": "nominatim"
  },
  "413 sw 8th st des moines, ia 50309": {
    "lat": 41.5792599,
    "lng": -93.6247126,
    "formatted": "413, Southwest 8th Street, Court District, Des Moines, Polk County, Iowa, 50309, United States of America",
    "provider": "nominatim"
  },
  "1801 hickman rd des moines, ia 50314": {
    "lat": 41.6165472,
    "lng": -93.6401269,
    "formatted": "Broadlawns Medical Center, 1801, Hickman Road, Mondamin Presidential, Des Moines, Polk County, Iowa, 50314, United States of America",
    "provider": "nominatim"
  },
  "1200 grand view ave des moines, ia 50316": {
    "lat": 41.6218971,
    "lng": -93.514901,
    "formatted": "Grand View Avenue, The Woods of Copper Creek, Des Moines, Polk County, Iowa, 50327, United States of America",
    "provider": "nominatim"
  },
  "1701 lay st des moines, ia 50317": {
    "lat": 41.6089952,
    "lng": -93.5716378,
    "formatted": "Phillips Traditional School, 1701, Lay Street, Easton Place, Des Moines, Polk County, Iowa, 50317, United States of America",
    "provider": "nominatim"
  },
  "4121 se 14th st des moines, ia 50320": {
    "lat": 41.5469176,
    "lng": -93.5970364,
    "formatted": "4121, Southeast 14th Street, Southdale Shopping Center, Des Moines, Polk County, Iowa, 50320, United States of America",
    "provider": "nominatim"
  },
  "320 e 16th st des moines, ia 50316": {
    "lat": 41.5929279,
    "lng": -93.5932832,
    "formatted": "320, East 16th Street, Capitol East, Des Moines, Polk County, Iowa, 50316, United States of America",
    "provider": "nominatim"
  },
  "4560 e 14th st des moines, ia 50313": {
    "lat": 41.6431605,
    "lng": -93.6003234,
    "formatted": "4560, Northeast 14th Street, Marquisville, Des Moines, Polk County, Iowa, 50313, United States of America",
    "provider": "nominatim"
  },
  "1600 euclid ave des moines, ia 50313": {
    "lat": 41.627581,
    "lng": -93.639409,
    "formatted": "1600, Euclid Avenue, Des Moines, Polk County, Iowa, 50313, United States of America",
    "provider": "nominatim"
  },
  "1903 beaver ave des moines, ia 50310": {
    "lat": 41.6115429,
    "lng": -93.6727086,
    "formatted": "Motley School Tavern, 1903, Beaver Avenue, Beaverdale, Des Moines, Polk County, Iowa, 50310, United States of America",
    "provider": "nominatim"
  },
  "1111 e army post rd des moines, ia 50315": {
    "lat": 41.5240201,
    "lng": -93.6026898,
    "formatted": "Target, 1111, East Army Post Road, Des Moines, Polk County, Iowa, 50315, United States of America",
    "provider": "nominatim"
  },
  "1511 s union st des moines, ia 50315": {
    "lat": 41.5765235,
    "lng": -93.6144157,
    "formatted": "1511, South Union Street, McKinley School/Columbus Park, Des Moines, Polk County, Iowa, 50315, United States of America",
    "provider": "nominatim"
  },
  "5912 university ave des moines, ia 50311": {
    "lat": 41.5997552,
    "lng": -93.6998539,
    "formatted": "Windsor Elementary School, 5912, University Avenue, Waveland Woods, Des Moines, Polk County, Iowa, 50311, United States of America",
    "provider": "nominatim"
  },
  "111 e army post rd des moines, ia 50315": {
    "lat": 41.5263395,
    "lng": -93.6150961,
    "formatted": "111, East Army Post Road, Fort Des Moines, Des Moines, Polk County, Iowa, 50320, United States of America",
    "provider": "nominatim"
  },
  "2450 shawnee ave des moines, ia 50317": {
    "lat": 41.6348188,
    "lng": -93.5702083,
    "formatted": "2450, East Shawnee Avenue, Eastview Manor, Des Moines, Polk County, Iowa, 50317, United States of America",
    "provider": "nominatim"
  },
  "1900 saylor rd des moines, ia 50313": {
    "lat": 41.6103773,
    "lng": -93.6114601,
    "formatted": "Captain Roy's, 1900, Saylor Road, Union Park, Des Moines, Polk County, Iowa, 50313, United States of America",
    "provider": "nominatim"
  },
  "1225 2nd ave des moines, ia 50314": {
    "lat": 41.6012006,
    "lng": -93.6192635,
    "formatted": "Des Moines Public Schools Central Food & Nutrition Center, 1225, 2nd Avenue, River Bend, Des Moines, Polk County, Iowa, 50304, United States of America",
    "provider": "nominatim"
  },
  "180 college ave des moines, ia 50314": {
    "lat": 41.6072804,
    "lng": -93.618916,
    "formatted": "180, College Avenue, River Bend, Des Moines, Polk County, Iowa, 50304, United States of America",
    "provider": "nominatim"
  },
  "2705 6th ave des moines, ia 50313": {
    "lat": 41.6195867,
    "lng": -93.6246764,
    "formatted": "2705, 6th Avenue, Des Moines, Polk County, Iowa, 50313, United States of America",
    "provider": "nominatim"
  },
  "738 e washington ave des moines, ia 50316": {
    "lat": 41.6077391,
    "lng": -93.6082096,
    "formatted": "738, East Washington Avenue, Martin Luther King Jr. Park, Des Moines, Polk County, Iowa, 50316, United States of America",
    "provider": "nominatim"
  },
  "620 ne 66th ave des moines, ia 50313": {
    "lat": 41.6822662,
    "lng": -93.611629,
    "formatted": "Woodland Hills Golf Course, 620, Northeast 66th Avenue, Des Moines, Polk County, Iowa, 50313, United States of America",
    "provider": "nominatim"
  },
  "205 e 14th st des moines, ia 50316": {
    "lat": 41.590049,
    "lng": -93.5965015,
    "formatted": "Abelardo's Mexican Restaurant, 205, East 14th Street, Capitol East, Des Moines, Polk County, Iowa, 50316, United States of America",
    "provider": "nominatim"
  },
  "1620 pleasant st des moines, ia 50314": {
    "lat": 41.5894573,
    "lng": -93.639515,
    "formatted": "1620, Pleasant Street, Sherman Hill, Des Moines, Polk County, Iowa, 50314, United States of America",
    "provider": "nominatim"
  },
  "5800 fleur dr des moines, ia 50321": {
    "lat": 41.531969,
    "lng": -93.6448445,
    "formatted": "5800, Fleur Drive, Des Moines, Polk County, Iowa, 50321, United States of America",
    "provider": "nominatim"
  },
  "215 e 3rd des moines, ia 50309": {
    "lat": 41.5830343,
    "lng": -93.6195963,
    "formatted": "Southwest 3rd Street, Historic Court District, Des Moines, Polk County, Iowa, 50309, United States of America",
    "provider": "nominatim"
  },
  "1401 army post rd des moines, ia 50315": {
    "lat": 41.5268502,
    "lng": -93.6356126,
    "formatted": "Smitty's Tender Loin Shop, 1401, Army Post Road, Des Moines, Polk County, Iowa, 50315, United States of America",
    "provider": "nominatim"
  },
  "503 e locust st des moines, ia 50309": {
    "lat": 41.5896398,
    "lng": -93.610889,
    "formatted": "The Contrary, 503, East Locust Street, East Village, Des Moines, Polk County, Iowa, 50309, United States of America",
    "provider": "nominatim"
  },
  "2329 hickman rd des moines, ia 50310": {
    "lat": 41.6155822,
    "lng": -93.6491991,
    "formatted": "Advantage Car Wash, 2329, Hickman Road, Kirkwood Glen, Des Moines, Polk County, Iowa, 50310, United States of America",
    "provider": "nominatim"
  },
  "1030 e 9th st des moines, ia 50316": {
    "lat": 41.5978858,
    "lng": -93.6066159,
    "formatted": "1030, East 9th Street, Capitol Park, Des Moines, Polk County, Iowa, 50316, United States of America",
    "provider": "nominatim"
  },
  "3711 easton blvd des moines, ia 50317": {
    "lat": 41.6142518,
    "lng": -93.5425786,
    "formatted": "Four Mile Community Center, 3711, Easton Boulevard, Des Moines, Polk County, Iowa, 50317, United States of America",
    "provider": "nominatim"
  },
  "4894 sw 9th st des moines, ia 50315": {
    "lat": 41.5400932,
    "lng": -93.6258605,
    "formatted": "4894, Southwest 9th Street, Watrous Heights, Des Moines, Polk County, Iowa, 50315, United States of America",
    "provider": "nominatim"
  },
  "409 court ave des moines, ia 50309": {
    "lat": 41.5851237,
    "lng": -93.6221556,
    "formatted": "Beer Can Alley, 409, Court Avenue, Historic Court District, Des Moines, Polk County, Iowa, 50309, United States of America",
    "provider": "nominatim"
  },
  "3801 easton blvd des moines, ia 50317": {
    "lat": 41.615018,
    "lng": -93.541645,
    "formatted": "3801, Easton Boulevard, Des Moines, Polk County, Iowa, 50317, United States of America",
    "provider": "nominatim"
  },
  "2941 dean ave des moines, ia 50317": {
    "lat": 41.5913365,
    "lng": -93.5604074,
    "formatted": "2941, Dean Avenue, Fairground, Des Moines, Polk County, Iowa, 50317, United States of America",
    "provider": "nominatim"
  },
  "1150 se diehl des moines, ia 50315": {
    "lat": 41.5327638,
    "lng": -93.6112696,
    "formatted": "East Diehl Avenue, Fort Des Moines, Des Moines, Polk County, Iowa, 50315, United States of America",
    "provider": "nominatim"
  },
  "2470 e euclid des moines, ia 50317": {
    "lat": 41.6277532,
    "lng": -93.5563822,
    "formatted": "East Euclid Avenue, Douglas Acres, Des Moines, Polk County, Iowa, 50317, United States of America",
    "provider": "nominatim"
  },
  "3517 e 26th st des moines, ia 50317": {
    "lat": 41.6267352,
    "lng": -93.5664682,
    "formatted": "3517, East 26th Street, Fairmount Park, Des Moines, Polk County, Iowa, 50317, United States of America",
    "provider": "nominatim"
  },
  "2331 se 5th st des moines, ia 50315": {
    "lat": 41.5655274,
    "lng": -93.6064349,
    "formatted": "2331, Southeast 5th Street, Indianola Hills, Des Moines, Polk County, Iowa, 50315, United States of America",
    "provider": "nominatim"
  },
  "530 ne broadway des moines, ia 50313": {
    "lat": 41.6441219,
    "lng": -93.6123346,
    "formatted": "530, Northeast Broadway, Marquisville, Des Moines, Polk County, Iowa, 50313, United States of America",
    "provider": "nominatim"
  },
  "1331 idaho st des moines, ia 50316": {
    "lat": 41.6032176,
    "lng": -93.5989338,
    "formatted": "1331, Idaho Street, Ashbrook, Des Moines, Polk County, Iowa, 50316, United States of America",
    "provider": "nominatim"
  },
  "4700 university ave des moines, ia 50311": {
    "lat": 41.6001488,
    "lng": -93.6819729,
    "formatted": "Taste! To Go and Catering, 4700, University Avenue, Waveland Park, Des Moines, Polk County, Iowa, 50311, United States of America",
    "provider": "nominatim"
  },
  "2801 se 20th st des moines, ia 50320": {
    "lat": 41.558591,
    "lng": -93.582038,
    "formatted": "2801, Southeast 20th Street, Park Forest, Des Moines, Polk County, Iowa, 50320, United States of America",
    "provider": "nominatim"
  },
  "2210 e park ave des moines, ia 50320": {
    "lat": 41.5550295,
    "lng": -93.5756258,
    "formatted": "2210, East Park Avenue, Woodside Park, Des Moines, Polk County, Iowa, 50320, United States of America",
    "provider": "nominatim"
  },
  "900 e army post rd des moines, ia 50315": {
    "lat": 41.5271446,
    "lng": -93.6032423,
    "formatted": "South Des Moines Event Venue, 900, East Army Post Road, Army Post Road Plaza, Des Moines, Polk County, Iowa, 50315, United States of America",
    "provider": "nominatim"
  },
  "4510 e 14th st des moines, ia 50313": {
    "lat": 41.6421219,
    "lng": -93.60034,
    "formatted": "4510, Northeast 14th Street, Marquisville, Des Moines, Polk County, Iowa, 50313, United States of America",
    "provider": "nominatim"
  },
  "4605 fleur dr des moines, ia 50321": {
    "lat": 41.5424124,
    "lng": -93.6428927,
    "formatted": "Hy-Vee, 4605, Fleur Drive, Des Moines, Polk County, Iowa, 50321, United States of America",
    "provider": "nominatim"
  },
  "1700 e grand ave des moines, ia 50316": {
    "lat": 41.589235,
    "lng": -93.6183324,
    "formatted": "Grand Avenue, Court District, Des Moines, Polk County, Iowa, 50309, United States of America",
    "provider": "nominatim"
  },
  "2956 e grand ave des moines, ia 50317": {
    "lat": 41.5957417,
    "lng": -93.5595894,
    "formatted": "2956, East Grand Avenue, Fairground, Des Moines, Polk County, Iowa, 50317, United States of America",
    "provider": "nominatim"
  },
  "4201 s union st des moines, ia 50315": {
    "lat": 41.546219,
    "lng": -93.616001,
    "formatted": "4201, South Union Street, Fort Des Moines, Des Moines, Polk County, Iowa, 50315, United States of America",
    "provider": "nominatim"
  },
  "1254 e 14th st des moines, ia 50316": {
    "lat": 41.601445,
    "lng": -93.600647,
    "formatted": "1254, East 14th Street, Capitol Park, Des Moines, Polk County, Iowa, 50316, United States of America",
    "provider": "nominatim"
  },
  "3116 e 14th st des moines, ia 50316": {
    "lat": 41.6238493,
    "lng": -93.600864,
    "formatted": "El Palmino, 3116, East 14th Street, Union Park, Des Moines, Polk County, Iowa, 50316, United States of America",
    "provider": "nominatim"
  },
  "3308 indianola ave des moines, ia 50315": {
    "lat": 41.5541392,
    "lng": -93.5982654,
    "formatted": "Rancho Alegre, 3308, Indianola Avenue, Des Moines, Polk County, Iowa, 50315, United States of America",
    "provider": "nominatim"
  },
  "3330 indianola ave des moines, ia 50315": {
    "lat": 41.5540895,
    "lng": -93.5976666,
    "formatted": "3330, Indianola Avenue, Des Moines, Polk County, Iowa, 50315, United States of America",
    "provider": "nominatim"
  },
  "705 e university des moines, ia 50316": {
    "lat": 41.5989152,
    "lng": -93.6109632,
    "formatted": "George Washington Carver Community School, 705, East University Avenue, Capitol Park, Des Moines, Polk County, Iowa, 50316, United States of America",
    "provider": "nominatim"
  },
  "1305 university ave des moines, ia 50314": {
    "lat": 41.6006111,
    "lng": -93.6346069,
    "formatted": "Tacos Mariana's, 1305, University Avenue, Good Park, Des Moines, Polk County, Iowa, 50314, United States of America",
    "provider": "nominatim"
  },
  "1330 19th st des moines, ia 50314": {
    "lat": 41.603752,
    "lng": -93.6432725,
    "formatted": "1330, 19th Street, Good Park, Des Moines, Polk County, Iowa, 50314, United States of America",
    "provider": "nominatim"
  },
  "1312 locust st des moines, ia 50309": {
    "lat": 41.5844645,
    "lng": -93.6342358,
    "formatted": "D.S. Chamberlain Building, 1312, Locust Street, Meredith Corporation, Des Moines, Polk County, Iowa, 50309, United States of America",
    "provider": "nominatim"
  },
  "500 grand ave des moines, ia 50309": {
    "lat": 41.587904,
    "lng": -93.624199,
    "formatted": "500, Grand Avenue, Downtown, Des Moines, Polk County, Iowa, 50309, United States of America",
    "provider": "nominatim"
  },
  "4901 se 14th st des moines, ia 50320": {
    "lat": 41.5380093,
    "lng": -93.5962857,
    "formatted": "Wendy's, 4901, Southeast 14th Street, Southeast Plaza, Des Moines, Polk County, Iowa, 50320, United States of America",
    "provider": "nominatim"
  },
  "1430 locust st des moines, ia 50309": {
    "lat": 41.5841805,
    "lng": -93.6358752,
    "formatted": "G.W. Jones Building, 1430, Locust Street, Meredith Corporation, Des Moines, Polk County, Iowa, 50309, United States of America",
    "provider": "nominatim"
  },
  "1420 locust st des moines, ia 50309": {
    "lat": 41.5842691,
    "lng": -93.6354746,
    "formatted": "Apperson Iowa Motor Car Company Building, 1420, Locust Street, Meredith Corporation, Des Moines, Polk County, Iowa, 50309, United States of America",
    "provider": "nominatim"
  },
  "700 e university ave des moines, ia 50316": {
    "lat": 41.6027814,
    "lng": -93.6099001,
    "formatted": "Iowa Lutheran Hospital, 700, East University Avenue, Capitol Park, Des Moines, Polk County, Iowa, 50316, United States of America",
    "provider": "nominatim"
  },
  "2231 e university des moines, ia 50317": {
    "lat": 41.6003584,
    "lng": -93.5767886,
    "formatted": "2231, East University Avenue, Des Moines, Polk County, Iowa, 50317, United States of America",
    "provider": "nominatim"
  },
  "6800 fleur dr des moines, ia 50321": {
    "lat": 41.5225116,
    "lng": -93.6466861,
    "formatted": "Hilton Garden Inn, 6800, Fleur Drive, Des Moines, Polk County, Iowa, 50321, United States of America",
    "provider": "nominatim"
  },
  "1434 des moines street des moines, ia 50316": {
    "lat": 41.5954319,
    "lng": -93.597597,
    "formatted": "La Premium Michoacana, 1434, Des Moines Street, Capitol East, Des Moines, Polk County, Iowa, 50316, United States of America",
    "provider": "nominatim"
  },
  "1540 24th st des moines, ia 50311": {
    "lat": 41.606417,
    "lng": -93.6496137,
    "formatted": "1540, 24th Street, Kirkwood Glen, Des Moines, Polk County, Iowa, 50311, United States of America",
    "provider": "nominatim"
  },
  "1246 e 14th st des moines, ia 50316": {
    "lat": 41.6013436,
    "lng": -93.6006815,
    "formatted": "1246, East 14th Street, Capitol Park, Des Moines, Polk County, Iowa, 50316, United States of America",
    "provider": "nominatim"
  },
  "1234 e euclid ave des moines, ia 50316": {
    "lat": 41.6280086,
    "lng": -93.6042118,
    "formatted": "El Salvadoreño, 1234, East Euclid Avenue, Highland Park, Des Moines, Polk County, Iowa, 50316, United States of America",
    "provider": "nominatim"
  },
  "4119 university ave moines, ia 50311": {
    "lat": 41.6005075,
    "lng": -93.6737229,
    "formatted": "Godfather's Pizza, 4119, University Avenue, Uptown Shopping Center, Des Moines, Polk County, Iowa, 50311, United States of America",
    "provider": "nominatim"
  },
  "200 10th st des moines, ia 50309": {
    "lat": 41.5840533,
    "lng": -93.6295838,
    "formatted": "Clemens Automobile Company Building, 200, 10th Street, Western Gateway, Des Moines, Polk County, Iowa, 50309, United States of America",
    "provider": "nominatim"
  },
  "731 e emma ave des moines, ia 50315": {
    "lat": 41.543478,
    "lng": -93.6022119,
    "formatted": "731, East Emma Avenue, Yoder Acres, Des Moines, Polk County, Iowa, 50315, United States of America",
    "provider": "nominatim"
  },
  "2025 king ave des moines, ia 50320": {
    "lat": 41.5590764,
    "lng": -93.5816001,
    "formatted": "2025, King Avenue, Park Forest, Des Moines, Polk County, Iowa, 50320, United States of America",
    "provider": "nominatim"
  },
  "918 se 11th st des moines, ia 50309": {
    "lat": 41.5797023,
    "lng": -93.5989424,
    "formatted": "918, Southeast 11th Street, Capitol View South, Des Moines, Polk County, Iowa, 50309, United States of America",
    "provider": "nominatim"
  },
  "1409 clark st des moines, ia 50314": {
    "lat": 41.6064616,
    "lng": -93.6372816,
    "formatted": "1409, Clark Street, River Bend, Des Moines, Polk County, Iowa, 50311, United States of America",
    "provider": "nominatim"
  },
  "3848 e 14th st des moines, ia 50313": {
    "lat": 41.6311441,
    "lng": -93.600643,
    "formatted": "3848, East 14th Street, Highland Park, Des Moines, Polk County, Iowa, 50313, United States of America",
    "provider": "nominatim"
  },
  "901 walnut st des moines, ia 50309": {
    "lat": 41.5853728,
    "lng": -93.6288037,
    "formatted": "Walnut Street School, 901, Walnut Street, Downtown, Des Moines, Polk County, Iowa, 50309, United States of America",
    "provider": "nominatim"
  },
  "1159 24th st des moines, ia 50311": {
    "lat": 41.5997929,
    "lng": -93.649295,
    "formatted": "1159, 24th Street, Drake Park, Des Moines, Polk County, Iowa, 50311, United States of America",
    "provider": "nominatim"
  },
  "4117 merle hay rd des moines, ia 50310": {
    "lat": 41.6355022,
    "lng": -93.69721,
    "formatted": "Jersey Mike's Subs, 4117, Merle Hay Road, Des Moines, Polk County, Iowa, 50310, United States of America",
    "provider": "nominatim"
  },
  "2720 holcomb ave des moines, ia 50310": {
    "lat": 41.616292,
    "lng": -93.6545991,
    "formatted": "2720, Holcomb Avenue, Prospect Park, Des Moines, Polk County, Iowa, 50310, United States of America",
    "provider": "nominatim"
  },
  "4706 university des moines, ia 50311": {
    "lat": 41.6002831,
    "lng": -93.6819336,
    "formatted": "4706, University Avenue, Waveland Park, Des Moines, Polk County, Iowa, 50311, United States of America",
    "provider": "nominatim"
  },
  "2916 e university ave des moines, ia 50317": {
    "lat": 41.6005975,
    "lng": -93.5605881,
    "formatted": "2916, East University Avenue, Fairground, Des Moines, Polk County, Iowa, 50317, United States of America",
    "provider": "nominatim"
  },
  "2565 wedgewood rd des moines, ia 50317": {
    "lat": 41.6263533,
    "lng": -93.5680565,
    "formatted": "2565, Wedgewood Road, Wildwood Park, Des Moines, Polk County, Iowa, 50317, United States of America",
    "provider": "nominatim"
  },
  "3322 indianola rd des moines, ia 50315": {
    "lat": 41.573199,
    "lng": -93.6206966,
    "formatted": "Indianola Road, Des Moines, Polk County, Iowa, 50315, United States of America",
    "provider": "nominatim"
  },
  "900 keosauqua way des moines, ia 50309": {
    "lat": 41.5913168,
    "lng": -93.6307065,
    "formatted": "Mainframe Studios, 900, Keosauqua Way, Downtown, Des Moines, Polk County, Iowa, 50309, United States of America",
    "provider": "nominatim"
  },
  "111 e grand ave des moines, ia 50309": {
    "lat": 41.589507,
    "lng": -93.6157709,
    "formatted": "Zenor Law, 111, East Grand Avenue, East Village, Des Moines, Polk County, Iowa, 50309, United States of America",
    "provider": "nominatim"
  },
  "615 3rd st des moines, ia 50309": {
    "lat": 41.5901829,
    "lng": -93.6208764,
    "formatted": "615, 3rd Street, Court District, Des Moines, Polk County, Iowa, 50309, United States of America",
    "provider": "nominatim"
  },
  "3101 e 12th st des moines, ia 50316": {
    "lat": 41.6231785,
    "lng": -93.6046635,
    "formatted": "3101, East 12th Street, Highland Park, Des Moines, Polk County, Iowa, 50316, United States of America",
    "provider": "nominatim"
  },
  "512 e grand ave des moines, ia 50309": {
    "lat": 41.5911453,
    "lng": -93.6110701,
    "formatted": "Miyabi 9, 512, East Grand Avenue, East Village, Des Moines, Polk County, Iowa, 50309, United States of America",
    "provider": "nominatim"
  },
  "220 sw 9th st des moines, ia 50309": {
    "lat": 41.5807707,
    "lng": -93.6274298,
    "formatted": "Gray's Landing Office, 220, Southwest 9th Street, Downtown, Des Moines, Polk County, Iowa, 50309, United States of America",
    "provider": "nominatim"
  },
  "1610 6th ave des moines, ia 50314": {
    "lat": 41.6079607,
    "lng": -93.6260043,
    "formatted": "Tacos La Familia, 1610, 6th Avenue, River Bend, Des Moines, Polk County, Iowa, 50313, United States of America",
    "provider": "nominatim"
  },
  "3009 merle hay rd. des moines, ia 50310": {
    "lat": 41.6223673,
    "lng": -93.6976318,
    "formatted": "3009, Merle Hay Road, McNeal Shopping Plaza, Des Moines, Polk County, Iowa, 50310, United States of America",
    "provider": "nominatim"
  },
  "4351 merle hay rd des moines, ia 50310": {
    "lat": 41.6398303,
    "lng": -93.6971053,
    "formatted": "El Patron, 4351, Merle Hay Road, Haymarket Square, Des Moines, Polk County, Iowa, 50310, United States of America",
    "provider": "nominatim"
  },
  "1440 des moines st des moines, ia 50316": {
    "lat": 41.5955915,
    "lng": -93.5964738,
    "formatted": "La Tapatia Grocery, 1440, Des Moines Street, Capitol East, Des Moines, Polk County, Iowa, 50316, United States of America",
    "provider": "nominatim"
  },
  "1311 e euclid ave des moines, ia 50316": {
    "lat": 41.6276332,
    "lng": -93.603235,
    "formatted": "1311, East Euclid Avenue, Highland Park, Des Moines, Polk County, Iowa, 50316, United States of America",
    "provider": "nominatim"
  },
  "200 4th st des moines, ia 50309": {
    "lat": 41.5851709,
    "lng": -93.6218979,
    "formatted": "Pho Real Kitchen & Bar, 200, 4th Street, Historic Court District, Des Moines, Polk County, Iowa, 50309, United States of America",
    "provider": "nominatim"
  },
  "210 4th st des moines, ia 50309": {
    "lat": 41.5854363,
    "lng": -93.6220817,
    "formatted": "210, 4th Street, Historic Court District, Des Moines, Polk County, Iowa, 50309, United States of America",
    "provider": "nominatim"
  },
  "203 e euclid ave des moines, ia 50313": {
    "lat": 41.6268168,
    "lng": -93.6159537,
    "formatted": "Harding Middle School, 203, East Euclid Avenue, Highland Park, Des Moines, Polk County, Iowa, 50313, United States of America",
    "provider": "nominatim"
  },
  "501 holcomb ave des moines, ia 50313": {
    "lat": 41.6167107,
    "lng": -93.6235488,
    "formatted": "501, Holcomb Avenue, Des Moines, Polk County, Iowa, 50313, United States of America",
    "provider": "nominatim"
  },
  "1331 grand ave des moines, ia 50309": {
    "lat": 41.5863387,
    "lng": -93.6331657,
    "formatted": "Wellmark, 1331, Grand Avenue, Meredith Corporation, Des Moines, Polk County, Iowa, 50309, United States of America",
    "provider": "nominatim"
  },
  "3200 forest ave des moines, ia 50311": {
    "lat": 41.6037944,
    "lng": -93.6612966,
    "formatted": "KFC/Taco Bell, 3200, Forest Avenue, Carpenter, Des Moines, Polk County, Iowa, 50311, United States of America",
    "provider": "nominatim"
  },
  "1701 south union st. des moines, ia 50315": {
    "lat": 41.574948,
    "lng": -93.615149,
    "formatted": "1701, South Union Street, McKinley School/Columbus Park, Des Moines, Polk County, Iowa, 50315, United States of America",
    "provider": "nominatim"
  },
  "401 locust st des moines, ia 50309": {
    "lat": 41.5875042,
    "lng": -93.6231056,
    "formatted": "Renaissance Des Moines Savery Hotel, 401, Locust Street, Downtown, Des Moines, Polk County, Iowa, 50309, United States of America",
    "provider": "nominatim"
  },
  "2720 sw 9th st des moines, ia 50315": {
    "lat": 41.5607311,
    "lng": -93.6258321,
    "formatted": "2720, Southwest 9th Street, Watrous Heights, Des Moines, Polk County, Iowa, 50315, United States of America",
    "provider": "nominatim"
  },
  "3839 merle hay des moines, ia 50310": {
    "lat": 41.6309752,
    "lng": -93.6972013,
    "formatted": "Merle Hay Mart, 3839, Merle Hay Road, Des Moines, Polk County, Iowa, 50310, United States of America",
    "provider": "nominatim"
  },
  "3506 university ave des moines, ia 50311": {
    "lat": 41.6001808,
    "lng": -93.6646621,
    "formatted": "University Library Cafe, 3506, University Avenue, Drake, Des Moines, Polk County, Iowa, 50311, United States of America",
    "provider": "nominatim"
  },
  "555 17th st des moines, ia 50309": {
    "lat": 41.5864598,
    "lng": -93.6395025,
    "formatted": "555, 17th Street, Sherman Hill, Des Moines, Polk County, Iowa, 50309, United States of America",
    "provider": "nominatim"
  },
  "1716 locust des moines, ia 50309": {
    "lat": 41.5833986,
    "lng": -93.6392562,
    "formatted": "Meredith Corporation, 1716, Locust Street, Meredith Corporation, Des Moines, Polk County, Iowa, 50309, United States of America",
    "provider": "nominatim"
  },
  "2219 e university des moines, ia 50317": {
    "lat": 41.6001961,
    "lng": -93.5760235,
    "formatted": "2219, East University Avenue, Des Moines, Polk County, Iowa, 50316, United States of America",
    "provider": "nominatim"
  },
  "420 e locust des moines, ia 50309": {
    "lat": 41.5898165,
    "lng": -93.6119751,
    "formatted": "Lucca, 420, East Locust Street, East Village, Des Moines, Polk County, Iowa, 50309, United States of America",
    "provider": "nominatim"
  },
  "1050 6th ave des moines, ia 50314": {
    "lat": 41.5966802,
    "lng": -93.6263479,
    "formatted": "1050, 6th Avenue, Cheatom Park, Des Moines, Polk County, Iowa, 50309, United States of America",
    "provider": "nominatim"
  },
  "801 grand ave des moines, ia 50309": {
    "lat": 41.5874276,
    "lng": -93.6285473,
    "formatted": "801 Grand, 801, Grand Avenue, Downtown, Des Moines, Polk County, Iowa, 50309, United States of America",
    "provider": "nominatim"
  },
  "1905 ingersoll ave des moines, ia 50309": {
    "lat": 41.5860057,
    "lng": -93.6433252,
    "formatted": "1905, Ingersoll Avenue, Sherman Hill, Des Moines, Polk County, Iowa, 50309, United States of America",
    "provider": "nominatim"
  },
  "1701 south union des moines, ia 50315": {
    "lat": 41.574948,
    "lng": -93.615149,
    "formatted": "1701, South Union Street, McKinley School/Columbus Park, Des Moines, Polk County, Iowa, 50315, United States of America",
    "provider": "nominatim"
  },
  "2314 university ave des moines, ia 50311": {
    "lat": 41.60032,
    "lng": -93.648913,
    "formatted": "Rico's at Drake, 2314, University Avenue, Carpenter, Des Moines, Polk County, Iowa, 50311, United States of America",
    "provider": "nominatim"
  },
  "1537 2nd ave des moines, ia 50314": {
    "lat": 41.6071814,
    "lng": -93.6193818,
    "formatted": "1537, 2nd Avenue, River Bend, Des Moines, Polk County, Iowa, 50304, United States of America",
    "provider": "nominatim"
  },
  "1434 des moines st des moines, ia 50316": {
    "lat": 41.5954319,
    "lng": -93.597597,
    "formatted": "La Premium Michoacana, 1434, Des Moines Street, Capitol East, Des Moines, Polk County, Iowa, 50316, United States of America",
    "provider": "nominatim"
  },
  "303 scott ave moines, ia 50309": {
    "lat": 41.5806467,
    "lng": -93.6097982,
    "formatted": "SingleSpeed Brewing Co - DSM TapRoom, 303, Scott Avenue, Market District, Des Moines, Polk County, Iowa, 50309, United States of America",
    "provider": "nominatim"
  },
  "4155 easton boulevard des moines, ia 50317": {
    "lat": 41.6150357,
    "lng": -93.5329555,
    "formatted": "4155, Easton Boulevard, Des Moines, Polk County, Iowa, 50317, United States of America",
    "provider": "nominatim"
  },
  "4700 grand ave des moines, ia 50312": {
    "lat": 41.583942,
    "lng": -93.6811866,
    "formatted": "Des Moines Art Center, 4700, Grand Avenue, Grand Stratford Apartments, Des Moines, Polk County, Iowa, 50312, United States of America",
    "provider": "nominatim"
  },
  "1552 e grand ave des moines, ia 50316": {
    "lat": 41.594577,
    "lng": -93.59298,
    "formatted": "Paleteria La Michoacana, 1552, East Grand Avenue, Capitol East, Des Moines, Polk County, Iowa, 50316, United States of America",
    "provider": "nominatim"
  },
  "303 locust st des moines, ia 50309": {
    "lat": 41.5878267,
    "lng": -93.6216253,
    "formatted": "Homestead Building, 303, Locust Street, Court District, Des Moines, Polk County, Iowa, 50309, United States of America",
    "provider": "nominatim"
  },
  "400 walnut st des moines, ia 50309": {
    "lat": 41.5860985,
    "lng": -93.6224323,
    "formatted": "The Kirkwood, 400, Walnut Street, Court District, Des Moines, Polk County, Iowa, 50309, United States of America",
    "provider": "nominatim"
  },
  "5415 douglas ave des moines, ia 50310": {
    "lat": 41.6296905,
    "lng": -93.6934967,
    "formatted": "Dairy Queen, 5415, Douglas Avenue, Village Green Apartments, Des Moines, Polk County, Iowa, 50310, United States of America",
    "provider": "nominatim"
  },
  "200 army post rd des moines, ia 50315": {
    "lat": 41.5263628,
    "lng": -93.6193055,
    "formatted": "200, Army Post Road, Fort Des Moines, Des Moines, Polk County, Iowa, 50315, United States of America",
    "provider": "nominatim"
  },
  "911 42nd st des moines, ia 50311": {
    "lat": 41.5944904,
    "lng": -93.6738934,
    "formatted": "Papa John's, 911, 42nd Street, Uptown Shopping Center, Des Moines, Polk County, Iowa, 50312, United States of America",
    "provider": "nominatim"
  },
  "5101 se 14th st des moines, ia 50315": {
    "lat": 41.536957,
    "lng": -93.5931251,
    "formatted": "Walmart Supercenter, 5101, Southeast 14th Street, Southeast Plaza, Des Moines, Polk County, Iowa, 50320, United States of America",
    "provider": "nominatim"
  },
  "3611 se 14th st des moines, ia 50320": {
    "lat": 41.5512261,
    "lng": -93.5963349,
    "formatted": "Dunkin', 3611, Southeast 14th Street, Southeast Plaza, Des Moines, Polk County, Iowa, 50320, United States of America",
    "provider": "nominatim"
  },
  "2929 se 22nd st des moines, ia 50320": {
    "lat": 41.5584443,
    "lng": -93.5773477,
    "formatted": "2929, Southeast 22nd Street, River Woods, Des Moines, Polk County, Iowa, 50320, United States of America",
    "provider": "nominatim"
  },
  "2420 e 13th st des moines, ia 50316": {
    "lat": 41.6166248,
    "lng": -93.6030806,
    "formatted": "2420, East 13th Street, Union Park, Des Moines, Polk County, Iowa, 50316, United States of America",
    "provider": "nominatim"
  },
  "6050 se 14th st des moines, ia 50320": {
    "lat": 41.530347,
    "lng": -93.5975206,
    "formatted": "La Hacienda, 6050, Southeast 14th Street, Southdale Shopping Center, Des Moines, Polk County, Iowa, 50320, United States of America",
    "provider": "nominatim"
  },
  "3000 e university des moines, ia 50317": {
    "lat": 41.6005947,
    "lng": -93.5543279,
    "formatted": "East University Avenue, Fairground, Des Moines, Polk County, Iowa, 50317, United States of America",
    "provider": "nominatim"
  },
  "3000 e grand ave des moines, ia 50317": {
    "lat": 41.589235,
    "lng": -93.6183324,
    "formatted": "Grand Avenue, Court District, Des Moines, Polk County, Iowa, 50309, United States of America",
    "provider": "nominatim"
  },
  "3000 grand ave des moines, ia 50317": {
    "lat": 41.583541,
    "lng": -93.6589948,
    "formatted": "3000 Grand Apartments, 3000, Grand Avenue, Active Interest Media, Des Moines, Polk County, Iowa, 50312, United States of America",
    "provider": "nominatim"
  },
  "717 mulberry st des moines, ia 50309": {
    "lat": 41.5847335,
    "lng": -93.6258391,
    "formatted": "717, Mulberry Street, Downtown, Des Moines, Polk County, Iowa, 50309, United States of America",
    "provider": "nominatim"
  },
  "5703 sw 2nd st des moines, ia 50315": {
    "lat": 41.5327694,
    "lng": -93.6171834,
    "formatted": "5703, Southwest 2nd Street, Thomas Heights, Des Moines, Polk County, Iowa, 50315, United States of America",
    "provider": "nominatim"
  },
  "1101 porter ave des moines, ia 50315": {
    "lat": 41.5346482,
    "lng": -93.6287034,
    "formatted": "George J. Nahas Aquatic Center, 1101, Porter Avenue, Watrous South, Des Moines, Polk County, Iowa, 50315, United States of America",
    "provider": "nominatim"
  },
  "1315 31st st des moines, ia 50311": {
    "lat": 41.6025775,
    "lng": -93.6591429,
    "formatted": "Drake West Village Two, 1315, 31st Street, Drake, Des Moines, Polk County, Iowa, 50311, United States of America",
    "provider": "nominatim"
  },
  "2922 merle hay rd des moines, ia 50310": {
    "lat": 41.6217881,
    "lng": -93.6983235,
    "formatted": "2922, Merle Hay Road, Merle Hay, Des Moines, Polk County, Iowa, 50310, United States of America",
    "provider": "nominatim"
  },
  "1704 e grand ave des moines, ia 50316": {
    "lat": 41.5951503,
    "lng": -93.5897025,
    "formatted": "1704, East Grand Avenue, Capitol East, Des Moines, Polk County, Iowa, 50316, United States of America",
    "provider": "nominatim"
  },
  "4040 merle hay rd des moines, ia 50310": {
    "lat": 41.6350845,
    "lng": -93.6981481,
    "formatted": "Chick-fil-A, 4040, Merle Hay Road, Des Moines, Polk County, Iowa, 50310, United States of America",
    "provider": "nominatim"
  },
  "910 e hull ave des moines, ia 50316": {
    "lat": 41.6223461,
    "lng": -93.6058173,
    "formatted": "910, Hull Avenue, Garton West, Des Moines, Polk County, Iowa, 50316, United States of America",
    "provider": "nominatim"
  },
  "300 holcomb ave des moines, ia 50313": {
    "lat": 41.6162405,
    "lng": -93.6211432,
    "formatted": "300, Holcomb Avenue, Des Moines, Polk County, Iowa, 50313, United States of America",
    "provider": "nominatim"
  },
  "666 grand ave des moines, ia 50309": {
    "lat": 41.5870986,
    "lng": -93.6260562,
    "formatted": "Ruan Center, 666, Grand Avenue, Downtown, Des Moines, Polk County, Iowa, 50309, United States of America",
    "provider": "nominatim"
  },
  "2720 douglas ave des moines, ia 50310": {
    "lat": 41.6279941,
    "lng": -93.6544928,
    "formatted": "2720, Douglas Avenue, Douglas Terrace Apartments, Douglas Woods Apartments, Des Moines, Polk County, Iowa, 50310, United States of America",
    "provider": "nominatim"
  },
  "915 army post rd des moines, ia 50315": {
    "lat": 41.5267748,
    "lng": -93.6266394,
    "formatted": "Hardee's, 915, Army Post Road, Des Moines, Polk County, Iowa, 50315, United States of America",
    "provider": "nominatim"
  },
  "6157 se 14th st des moines, ia 50320": {
    "lat": 41.5283664,
    "lng": -93.5969929,
    "formatted": "6157, Southeast 14th Street, Southdale Shopping Center, Des Moines, Polk County, Iowa, 50320, United States of America",
    "provider": "nominatim"
  },
  "4915 madison ave des moines, ia 50310": {
    "lat": 41.6331857,
    "lng": -93.6859111,
    "formatted": "4915, Madison Avenue, Meredith, Des Moines, Polk County, Iowa, 50310, United States of America",
    "provider": "nominatim"
  },
  "2323 hubbell ave des moines, ia 50317": {
    "lat": 41.6045199,
    "lng": -93.5737616,
    "formatted": "2323, Hubbell Avenue, Des Moines, Polk County, Iowa, 50317, United States of America",
    "provider": "nominatim"
  },
  "2450 e shawnee ave des moines, ia 50317": {
    "lat": 41.6348188,
    "lng": -93.5702083,
    "formatted": "2450, East Shawnee Avenue, Eastview Manor, Des Moines, Polk County, Iowa, 50317, United States of America",
    "provider": "nominatim"
  },
  "2700 51st st des moines, ia 50310": {
    "lat": 41.6190048,
    "lng": -93.689376,
    "formatted": "2700, 51st Street, Des Moines, Polk County, Iowa, 50310, United States of America",
    "provider": "nominatim"
  },
  "7401 9th st des moines, ia 50315": {
    "lat": 41.521153,
    "lng": -93.624552,
    "formatted": "7401, Southwest 9th Street, Des Moines, Polk County, Iowa, 50315, United States of America",
    "provider": "nominatim"
  },
  "320 w martin luther king pkwy des moines, ia 50309": {
    "lat": 41.5823625,
    "lng": -93.6146183,
    "formatted": "East Martin Luther King Junior Parkway, Market District, Des Moines, Polk County, Iowa, 50309, United States of America",
    "provider": "nominatim"
  },
  "2560 se 14th st des moines, ia 50320": {
    "lat": 41.5606094,
    "lng": -93.5974381,
    "formatted": "Fountain of Life Cathedral, 2560, Southeast 14th Street, Pioneer Park, Des Moines, Polk County, Iowa, 50320, United States of America",
    "provider": "nominatim"
  },
  "1511 high st des moines, ia 50309": {
    "lat": 41.5873426,
    "lng": -93.6375227,
    "formatted": "1511, High Street, Western Gateway, Des Moines, Polk County, Iowa, 50309, United States of America",
    "provider": "nominatim"
  },
  "209 4th st des moines, ia 50309": {
    "lat": 41.5852807,
    "lng": -93.621623,
    "formatted": "209, 4th Street, Historic Court District, Des Moines, Polk County, Iowa, 50309, United States of America",
    "provider": "nominatim"
  },
  "405 court ave des moines, ia 50309": {
    "lat": 41.5850863,
    "lng": -93.6218763,
    "formatted": "405, Court Avenue, Historic Court District, Des Moines, Polk County, Iowa, 50309, United States of America",
    "provider": "nominatim"
  },
  "519 euclid ave des moines, ia 50313": {
    "lat": 41.6277633,
    "lng": -93.6238709,
    "formatted": "519, Euclid Avenue, Des Moines, Polk County, Iowa, 50313, United States of America",
    "provider": "nominatim"
  },
  "1435 army post rd des moines, ia 50315": {
    "lat": 41.5266144,
    "lng": -93.635898,
    "formatted": "1435, Army Post Road, Des Moines, Polk County, Iowa, 50315, United States of America",
    "provider": "nominatim"
  },
  "3621 williams st des moines, ia 50317": {
    "lat": 41.6282244,
    "lng": -93.5330044,
    "formatted": "3621, Williams Street, Christy Lea Manor, Des Moines, Polk County, Iowa, 50317, United States of America",
    "provider": "nominatim"
  },
  "604 locust st des moines, ia 50309": {
    "lat": 41.5864994,
    "lng": -93.6253484,
    "formatted": "Equitable Building, 604, Locust Street, Downtown, Des Moines, Polk County, Iowa, 50309, United States of America",
    "provider": "nominatim"
  },
  "300 sw 5th st des moines, ia 50309": {
    "lat": 41.5812011,
    "lng": -93.6219229,
    "formatted": "Harbach Lofts, 300, Southwest 5th Street, Court District, Des Moines, Polk County, Iowa, 50309, United States of America",
    "provider": "nominatim"
  },
  "520 e grand ave des moines, ia 50309": {
    "lat": 41.591033,
    "lng": -93.6106616,
    "formatted": "Hollingsworth Building, 520, East Grand Avenue, East Village, Des Moines, Polk County, Iowa, 50309, United States of America",
    "provider": "nominatim"
  },
  "5100 hubbell ave des moines, ia 50317": {
    "lat": 41.6446825,
    "lng": -93.5186663,
    "formatted": "Broadway Motel, 5100, Hubbell Avenue, Des Moines, Polk County, Iowa, 50317, United States of America",
    "provider": "nominatim"
  },
  "5340 ne 23rd ave des moines, ia 50317": {
    "lat": 41.6152095,
    "lng": -93.5083492,
    "formatted": "5340, Northeast 23rd Avenue, Pleasant Hill, Polk County, Iowa, 50317, United States of America",
    "provider": "nominatim"
  },
  "4140 merle hay rd des moines, ia 50310": {
    "lat": 41.6363149,
    "lng": -93.6982743,
    "formatted": "Popeyes, 4140, Merle Hay Road, Des Moines, Polk County, Iowa, 50310, United States of America",
    "provider": "nominatim"
  },
  "1459 grand ave des moines, ia 50309": {
    "lat": 41.5859487,
    "lng": -93.636087,
    "formatted": "Kraus Gateway Center, 1459, Grand Avenue, Meredith Corporation, Des Moines, Polk County, Iowa, 50309, United States of America",
    "provider": "nominatim"
  },
  "4151 merle hay rd des moines, ia 50310": {
    "lat": 41.6362266,
    "lng": -93.6970578,
    "formatted": "Casey's General Store, 4151, Merle Hay Road, Des Moines, Polk County, Iowa, 50310, United States of America",
    "provider": "nominatim"
  },
  "3750 e university des moines, ia 50317": {
    "lat": 41.6007284,
    "lng": -93.541927,
    "formatted": "3750, East University Avenue, Gray's Woods, Des Moines, Polk County, Iowa, 50317, United States of America",
    "provider": "nominatim"
  },
  "602 e grand ave des moines, ia 50309": {
    "lat": 41.5910313,
    "lng": -93.6100394,
    "formatted": "602, East Grand Avenue, East Village, Des Moines, Polk County, Iowa, 50309, United States of America",
    "provider": "nominatim"
  },
  "5525 douglas ave des moines, ia 50310": {
    "lat": 41.6296448,
    "lng": -93.6947683,
    "formatted": "Abelardo's, 5525, Douglas Avenue, Village Green Apartments, Des Moines, Polk County, Iowa, 50310, United States of America",
    "provider": "nominatim"
  },
  "6112 sw 9th st des moines, ia 50315": {
    "lat": 41.5290498,
    "lng": -93.6258273,
    "formatted": "6112, Southwest 9th Street, Fort Des Moines, Des Moines, Polk County, Iowa, 50315, United States of America",
    "provider": "nominatim"
  },
  "1320 e 26th ct des moines, ia 50316": {
    "lat": 41.6033088,
    "lng": -93.5667473,
    "formatted": "1320, East 26th Court, Fairground, Des Moines, Polk County, Iowa, 50317, United States of America",
    "provider": "nominatim"
  },
  "621 des moines st des moines, ia 50309": {
    "lat": 41.5918586,
    "lng": -93.6096165,
    "formatted": "621, Des Moines Street, Capitol East, Des Moines, Polk County, Iowa, 50309, United States of America",
    "provider": "nominatim"
  },
  "4212 douglas ave des moines, ia 50310": {
    "lat": 41.6291073,
    "lng": -93.6764581,
    "formatted": "4212, Douglas Avenue, Des Moines, Polk County, Iowa, 50310, United States of America",
    "provider": "nominatim"
  },
  "407 e 5th st des moines, ia 50309": {
    "lat": 41.5900587,
    "lng": -93.6111227,
    "formatted": "The Continental, 407, East 5th Street, East Village, Des Moines, Polk County, Iowa, 50309, United States of America",
    "provider": "nominatim"
  },
  "4050 urbandale ave des moines, ia 50310": {
    "lat": 41.6197292,
    "lng": -93.6726312,
    "formatted": "Beaver Tap, 4050, Urbandale Avenue, Beaverdale Place, Des Moines, Polk County, Iowa, 50310, United States of America",
    "provider": "nominatim"
  },
  "1230 e 17th street des moines, ia 50316": {
    "lat": 41.5985125,
    "lng": -93.6401721,
    "formatted": "17th Street, Good Park, Des Moines, Polk County, Iowa, 50314, United States of America",
    "provider": "nominatim"
  },
  "420 court ave des moines, ia 50309": {
    "lat": 41.5845439,
    "lng": -93.6221384,
    "formatted": "Fourth + Court, 420, Court Avenue, Historic Court District, Des Moines, Polk County, Iowa, 50309, United States of America",
    "provider": "nominatim"
  },
  "1525 high st des moines, ia 50309": {
    "lat": 41.5874788,
    "lng": -93.6382117,
    "formatted": "Lua Brewing, 1525, High Street, Western Gateway, Des Moines, Polk County, Iowa, 50309, United States of America",
    "provider": "nominatim"
  },
  "210 sw 11th st des moines, ia 50309": {
    "lat": 41.5806407,
    "lng": -93.6297607,
    "formatted": "Mad Meatball, 210, Southwest 11th Street, Western Gateway, Des Moines, Polk County, Iowa, 50309, United States of America",
    "provider": "nominatim"
  },
  "2425 e euclid des moines, ia 50317": {
    "lat": 41.6277532,
    "lng": -93.5563822,
    "formatted": "East Euclid Avenue, Douglas Acres, Des Moines, Polk County, Iowa, 50317, United States of America",
    "provider": "nominatim"
  },
  "725 e university ave des moines, ia 50316": {
    "lat": 41.60029,
    "lng": -93.6105794,
    "formatted": "725, East University Avenue, Capitol Park, Des Moines, Polk County, Iowa, 50316, United States of America",
    "provider": "nominatim"
  },
  "902 army post rd des moines, ia 50315": {
    "lat": 41.5260416,
    "lng": -93.6261588,
    "formatted": "Domino's, 902, Army Post Road, Des Moines, Polk County, Iowa, 50315, United States of America",
    "provider": "nominatim"
  },
  "1615 e 22nd e st des moines, iowa 50316": {
    "lat": 41.6022159,
    "lng": -93.578419,
    "formatted": "East 22nd Street, Des Moines, Polk County, Iowa, 50316, United States of America",
    "provider": "nominatim"
  },
  "2407 56th st des moines, ia 50310": {
    "lat": 41.6160613,
    "lng": -93.6942242,
    "formatted": "2407, 56th Street, Billies Place, Des Moines, Polk County, Iowa, 50310, United States of America",
    "provider": "nominatim"
  },
  "4301 college des moines, ia 50311": {
    "lat": 41.6079783,
    "lng": -93.6766397,
    "formatted": "Perkins Elementary School, 4301, College Avenue, Waveland Park, Des Moines, Polk County, Iowa, 50311, United States of America",
    "provider": "nominatim"
  },
  "1338 buchanan st des moines, ia 50316": {
    "lat": 41.5984241,
    "lng": -93.6015147,
    "formatted": "1338, Buchanan Street, Capitol Park, Des Moines, Polk County, Iowa, 50316, United States of America",
    "provider": "nominatim"
  },
  "1616 dean ave des moines, ia 50316": {
    "lat": 41.591446,
    "lng": -93.590789,
    "formatted": "1616, Dean Avenue, Capitol East, Des Moines, Polk County, Iowa, 50316, United States of America",
    "provider": "nominatim"
  },
  "401 grand ave des moines, ia 50309": {
    "lat": 41.5884579,
    "lng": -93.6229478,
    "formatted": "Domino's, 401, Grand Avenue, Downtown, Des Moines, Polk County, Iowa, 50309, United States of America",
    "provider": "nominatim"
  },
  "1606 6th ave des moines, ia 50314": {
    "lat": 41.6078631,
    "lng": -93.6259035,
    "formatted": "1606, 6th Avenue, River Bend, Des Moines, Polk County, Iowa, 50314, United States of America",
    "provider": "nominatim"
  },
  "1796 se 14th st des moines, ia 50320": {
    "lat": 41.5698824,
    "lng": -93.5970309,
    "formatted": "1796, Southeast 14th Street, Pioneer Park, Des Moines, Polk County, Iowa, 50320, United States of America",
    "provider": "nominatim"
  },
  "1230 locust des moines, ia 50309": {
    "lat": 41.5848791,
    "lng": -93.6332894,
    "formatted": "Jimmy John's, 1230, Locust Street, Western Gateway, Des Moines, Polk County, Iowa, 50309, United States of America",
    "provider": "nominatim"
  },
  "424 e locust st des moines, ia 50309": {
    "lat": 41.5898366,
    "lng": -93.6117935,
    "formatted": "Elliott Furniture Company, 424, East Locust Street, East Village, Des Moines, Polk County, Iowa, 50309, United States of America",
    "provider": "nominatim"
  },
  "215 10th st des moines, ia 50309": {
    "lat": 41.5847725,
    "lng": -93.6291817,
    "formatted": "Panera Bread, 215, 10th Street, Western Gateway, Des Moines, Polk County, Iowa, 50309, United States of America",
    "provider": "nominatim"
  },
  "3025 oxford des moines, ia 50313": {
    "lat": 41.6225801,
    "lng": -93.6174244,
    "formatted": "3025, Oxford Street, Northeast Highland Park, Des Moines, Polk County, Iowa, 50313, United States of America",
    "provider": "nominatim"
  },
  "3330 martin luther king jr des moines, ia 50310": {
    "lat": 41.6256398,
    "lng": -93.65285,
    "formatted": "Hy-Vee, 3330, Martin Luther King Junior Parkway, Harding Hills Shopping Center, Des Moines, Polk County, Iowa, 50310, United States of America",
    "provider": "nominatim"
  },
  "503 e sheridan des moines, ia 50313": {
    "lat": 41.6189972,
    "lng": -93.6223187,
    "formatted": "Sheridan Avenue, Des Moines, Polk County, Iowa, 50313, United States of America",
    "provider": "nominatim"
  },
  "1100 locust st des moines, ia 50309": {
    "lat": 41.5850549,
    "lng": -93.6316308,
    "formatted": "Allied Insurance & Nationwide Agribusiness, 1100, Locust Street, Western Gateway, Des Moines, Polk County, Iowa, 50309, United States of America",
    "provider": "nominatim"
  },
  "304 e 30th st des moines, ia 50317": {
    "lat": 41.5937201,
    "lng": -93.5584982,
    "formatted": "304, East 30th Street, Fairground, Des Moines, Polk County, Iowa, 50317, United States of America",
    "provider": "nominatim"
  },
  "4801 franklin ave des moines, ia 50310": {
    "lat": 41.6122833,
    "lng": -93.68427,
    "formatted": "The Mission Church, 4801, Franklin Avenue, Franklin Court Apartments, Des Moines, Polk County, Iowa, 50310, United States of America",
    "provider": "nominatim"
  },
  "1050 e army post road des moines, ia 50315": {
    "lat": 41.526439,
    "lng": -93.6049158,
    "formatted": "1050, East Army Post Road, Army Post Road Plaza, Des Moines, Polk County, Iowa, 50315, United States of America",
    "provider": "nominatim"
  },
  "317 e. court ave. des moines, ia 50309": {
    "lat": 41.5866451,
    "lng": -93.6122004,
    "formatted": "Fong’s Pizza, 317, East Court Avenue, Market District, Des Moines, Polk County, Iowa, 50309, United States of America",
    "provider": "nominatim"
  },
  "3725 hubbell ave des moines, ia 50317": {
    "lat": 41.6294406,
    "lng": -93.5437828,
    "formatted": "3725, Hubbell Avenue, Des Moines, Polk County, Iowa, 50317, United States of America",
    "provider": "nominatim"
  },
  "3000 14th st des moines, ia 50315": {
    "lat": 41.5581555,
    "lng": -93.635491,
    "formatted": "3000, Southwest 14th Street, Grays Lake, Des Moines, Polk County, Iowa, 50315, United States of America",
    "provider": "nominatim"
  },
  "4506 sw 9th st des moines, ia 50315": {
    "lat": 41.5435322,
    "lng": -93.6256261,
    "formatted": "4506, Southwest 9th Street, Watrous Heights, Des Moines, Polk County, Iowa, 50315, United States of America",
    "provider": "nominatim"
  },
  "4700 morningstar drive moines, ia 50313": {
    "lat": 41.6384738,
    "lng": -93.6350566,
    "formatted": "Northwest Morningstar Drive, Des Moines, Polk County, Iowa, 50313, United States of America",
    "provider": "nominatim"
  },
  "6108 9th st des moines, ia 50315": {
    "lat": 41.5290782,
    "lng": -93.6258275,
    "formatted": "6108, Southwest 9th Street, Fort Des Moines, Des Moines, Polk County, Iowa, 50315, United States of America",
    "provider": "nominatim"
  },
  "314 se emma ave des moines, ia 50315": {
    "lat": 41.5427555,
    "lng": -93.6230315,
    "formatted": "Emma Avenue, Watrous Heights, Des Moines, Polk County, Iowa, 50315, United States of America",
    "provider": "nominatim"
  },
  "3830 douglas ave des moines, ia 50310": {
    "lat": 41.6294418,
    "lng": -93.668838,
    "formatted": "3830, Douglas Avenue, Des Moines, Polk County, Iowa, 50310, United States of America",
    "provider": "nominatim"
  },
  "2558 hubbell ave des moines, ia 50317": {
    "lat": 41.6113227,
    "lng": -93.5684748,
    "formatted": "2558, Hubbell Avenue, Fairmont Park, Des Moines, Polk County, Iowa, 50317, United States of America",
    "provider": "nominatim"
  },
  "3839 merle hay rd des moines, ia 50310": {
    "lat": 41.6309752,
    "lng": -93.6972013,
    "formatted": "Merle Hay Mart, 3839, Merle Hay Road, Des Moines, Polk County, Iowa, 50310, United States of America",
    "provider": "nominatim"
  },
  "5800 franklin des moines, ia 50322": {
    "lat": 41.6110508,
    "lng": -93.6981183,
    "formatted": "5800, Franklin Avenue, Des Moines, Polk County, Iowa, 50322, United States of America",
    "provider": "nominatim"
  },
  "2571 guthrie ave des moines, ia 50317": {
    "lat": 41.6148954,
    "lng": -93.5675041,
    "formatted": "2571, Guthrie Avenue, Fairmont Park, Des Moines, Polk County, Iowa, 50317, United States of America",
    "provider": "nominatim"
  },
  "2820 hubbell ave des moines, ia 50317": {
    "lat": 41.6197936,
    "lng": -93.5623747,
    "formatted": "2820, Hubbell Avenue, Fairmont Park, Des Moines, Polk County, Iowa, 50317, United States of America",
    "provider": "nominatim"
  },
  "1829 6th ave des moines, ia 50314": {
    "lat": 41.6110332,
    "lng": -93.6254808,
    "formatted": "Joppa Experience, 1829, 6th Avenue, River Bend, Des Moines, Polk County, Iowa, 50314, United States of America",
    "provider": "nominatim"
  },
  "1851 evergreen ave des moines, ia 50320": {
    "lat": 41.5515671,
    "lng": -93.584528,
    "formatted": "1851, Evergreen Avenue, River Woods, Des Moines, Polk County, Iowa, 50320, United States of America",
    "provider": "nominatim"
  },
  "440 e grand des moines, ia 50309": {
    "lat": 41.585343,
    "lng": -93.6366706,
    "formatted": "Grand Avenue, Meredith Corporation, Des Moines, Polk County, Iowa, 50309, United States of America",
    "provider": "nominatim"
  },
  "514 e grand des moines, ia 50309": {
    "lat": 41.5909622,
    "lng": -93.6109231,
    "formatted": "514, East Grand Avenue, East Village, Des Moines, Polk County, Iowa, 50309, United States of America",
    "provider": "nominatim"
  },
  "2875 university ave des moines, ia 50311": {
    "lat": 41.6019438,
    "lng": -93.6568842,
    "formatted": "Olmsted Center, 2875, University Avenue, Drake, Des Moines, Polk County, Iowa, 50311, United States of America",
    "provider": "nominatim"
  },
  "221 park street des moines, ia 50309": {
    "lat": 41.5907761,
    "lng": -93.6212056,
    "formatted": "Master Builders of Iowa, 221, Park Street, Downtown, Des Moines, Polk County, Iowa, 50309, United States of America",
    "provider": "nominatim"
  },
  "1305 emma ave des moines, ia 50315": {
    "lat": 41.5432832,
    "lng": -93.633513,
    "formatted": "1305, Emma Avenue, Watrous South, Des Moines, Polk County, Iowa, 50315, United States of America",
    "provider": "nominatim"
  },
  "2508 douglas ave des moines, ia 50310": {
    "lat": 41.6280433,
    "lng": -93.6535265,
    "formatted": "2508, Douglas Avenue, Des Moines, Polk County, Iowa, 50310, United States of America",
    "provider": "nominatim"
  },
  "1601 s union st des moines, ia 50315": {
    "lat": 41.5757667,
    "lng": -93.614651,
    "formatted": "Graziano Brothers, 1601, South Union Street, McKinley School/Columbus Park, Des Moines, Polk County, Iowa, 50315, United States of America",
    "provider": "nominatim"
  },
  "700 grand ave des moines, ia 50309": {
    "lat": 41.5870692,
    "lng": -93.6267542,
    "formatted": "Des Moines Marriott Downtown, 700, Grand Avenue, Downtown, Des Moines, Polk County, Iowa, 50309, United States of America",
    "provider": "nominatim"
  }
}